"1","pnollet0@google.pl","PHNA96","Philomena Nollet","00-145-2441","19-169-5068","1973-03-15 23:57:47","F","Anniversary","4000-008","","6614714553","22"
"2","vseeger1@google.ru","KGZg7a7Pmgbm","Vachel Seeger","59-753-4718","34-677-1630","1990-01-23 04:55:47","M","Prairieview","5000-165","Benfica","7073496156","31"
"3","cderr2@ehow.com","E7lRS1xn9","Clarita Derr","64-496-3185","90-954-9147","1977-02-24 14:34:22","F","Toban","5000-165","Porto","8267349450","16"
"4","dburtonshaw3@house.gov","Z7K07f","Dilly Burtonshaw","23-131-8124","05-208-3330","1958-01-16 19:19:25","M","Bashford","1000-203","","5885690166","6"
"5","cruffle4@disqus.com","wWdRT4kK8","Clyve Ruffle","69-312-7776","52-976-9090","1967-02-10 09:31:15","M","Service","4700-106","Vidigalense","1762569927","12"
"6","ccaslake5@tinyurl.com","ovAKo9","Con Caslake","46-436-0461","10-655-5283","2008-11-17 10:09:49","M","Helena","1000-012","Conforlimpa","5902400465","21"
"7","lgeorgius6@imdb.com","dVaHXLp","Lawton Georgius","00-932-9006","80-761-6599","1951-04-14 04:58:16","M","Dakota","4700-225","Conforlimpa","1422487618","3"
"8","oebbing7@rambler.ru","6G37x46ufWM","Olivette Ebbing","03-902-9697","76-705-2893","1952-03-31 22:34:35","F","Anderson","1000-203","Conforlimpa","7189494159","10"
"9","ocrosier8@tripod.com","6LdPhote","Olia Crosier","37-065-5243","36-150-3737","2007-03-18 09:28:00","F","Kropf","1000-152","Porto","2376601172","31"
"10","mechlin9@netvibes.com","0KRS69hDn","Mirna Echlin","38-995-1867","01-325-7312","1955-09-12 17:35:03","F","Eastlawn","4000-008","Porto","1017602964","36"
"11","rfraczeka@wufoo.com","8ZFyBOlNREV","Ralph Fraczek","24-310-2137","28-770-9215","1982-10-19 07:17:51","M","Sloan","4700-225","Sporting","5038752644","10"
"12","klantaphb@archive.org","4N4EXL","Killie Lantaph","53-193-1298","99-649-5797","2003-02-12 04:18:49","M","Mockingbird","5000-165","Conforlimpa","9215120099","19"
"13","ndowntonc@hud.gov","3IvxQiCBthn","Niko Downton","45-454-0416","53-264-4017","1953-01-05 05:59:06","M","Dovetail","4000-129","Porto","7205965349","21"
"14","adaughtryd@google.com.hk","EnWMBBSuWjG4","Angelo Daughtry","11-998-9941","27-650-2898","1978-03-16 12:37:47","M","Southridge","4700-225","Conforlimpa","4584751978","23"
"15","ereardone@alexa.com","5YJvSplXyj5n","Ezequiel Reardon","01-873-9948","61-655-0202","1955-12-19 09:54:35","M","Burrows","3000-041","Conforlimpa","6574460419","32"
"16","taultf@instagram.com","gmmYLTgI","Tybie Ault","37-535-1923","09-403-3373","1952-04-24 05:45:25","F","Lindbergh","4000-129","Porto","6546256513","25"
"17","kskelliong@myspace.com","k9Fkwd","Kettie Skellion","28-194-8211","46-161-1574","2009-03-03 11:21:28","F","Debra","1000-074","","2704533683","26"
"18","tfineh@4shared.com","048BGaSd","Tann Fine","16-923-4373","58-934-9199","1944-01-15 03:45:14","M","Holy Cross","4000-008","Sporting","8236522924","22"
"19","dlesseri@prlog.org","6X7NTs6JUZ4","Daphene Lesser","89-556-8625","86-516-3602","2005-08-07 00:41:57","F","Manley","1000-074","Conforlimpa","1228964436","22"
"20","ypellettj@merriam-webster.com","wMEBsOPQgUfe","Yuma Pellett","81-847-5143","14-430-9991","1974-03-05 03:22:53","M","Rockefeller","1000-012","Benfica","8034148113","3"
"21","blek@amazon.co.uk","kTDigmanNOaT","Bernette Le Provost","09-743-1068","68-545-0675","1959-08-22 10:00:56","F","Clyde Gallagher","5000-165","Conforlimpa","1773863094","15"
"22","khobbemal@gov.uk","Aq3SeTI511Z","Kellen Hobbema","82-330-3104","33-408-8339","1991-06-21 15:08:46","M","Namekagon","1000-203","Sporting","5015432436","7"
"23","mbroadwoodm@diigo.com","p6WzSFC","Madella Broadwood","73-639-4858","08-468-4449","1985-06-05 17:29:15","F","Westend","4000-129","Benfica","5808977926","32"
"24","wmcilraithn@csmonitor.com","xNQnc9yEtBO","Willdon McIlraith","56-929-7303","45-663-6595","1984-04-16 16:00:09","M","Sycamore","1000-074","Braga","2569837235","7"
"25","abenedettio@infoseek.co.jp","Gc2V4TwvNin","Ashla Benedetti","05-495-4274","27-537-0795","2007-05-21 14:23:01","F","Waubesa","4000-052","Conforlimpa","5397174760","14"
"26","rglassborowp@zimbio.com","4Oqv1Qr","Rorke Glassborow","77-019-1622","50-544-2639","1981-08-29 17:36:34","M","Moland","1000-012","Vidigalense","3883408789","34"
"27","gdemongeotq@cisco.com","uqaJcbSwTn","Gardener Demongeot","60-996-9252","65-984-2539","1971-03-18 16:07:58","M","Hintze","1000-074","Porto","8364440124","20"
"28","mmateikor@youku.com","EbX71cWqO","Malory Mateiko","23-241-5679","93-955-1939","1942-08-16 17:52:34","F","Jay","4000-211","Vidigalense","5938602015","33"
"29","fotridges@blogtalkradio.com","2yC6nHEmU","Francis Otridge","79-669-0489","86-500-4721","2005-02-04 11:19:21","M","Upham","4000-129","Conforlimpa","9332822117","15"
"30","ashwalbet@1und1.de","xJ6cmw","Anson Shwalbe","85-116-4996","47-005-8794","2007-07-04 05:43:16","M","Johnson","4000-052","Porto","2446379963","15"
"31","wmacaku@weather.com","VbKnkd6y8I","Willyt Macak","87-473-2813","06-894-8841","1961-02-16 21:45:48","F","Vidon","3000-041","Sporting","9089741392","29"
"32","ecourvertv@discovery.com","9X2QpEdBOvNL","Ermengarde Courvert","17-149-4880","05-024-9259","1996-11-14 05:12:59","F","Duke","1000-203","Sporting","2827921469","8"
"33","bclemptonw@qq.com","FfA1YuzZu1M","Brendin Clempton","55-120-2258","92-493-4259","1954-04-25 16:53:54","M","Straubel","1000-203","Porto","3466308002","32"
"34","dbrimmingx@cargocollective.com","sqyV3dWvUgMz","Daron Brimming","71-880-1734","63-846-2122","1978-03-30 23:13:56","M","Goodland","1000-074","Conforlimpa","8999907530","22"
"35","smacpaikey@a8.net","uxbvAEAHTxu","Sarge MacPaike","23-297-5532","21-137-3170","1983-09-30 00:34:24","M","Meadow Valley","4000-008","Benfica","1324827854","26"
"36","bgilbridez@timesonline.co.uk","KYGSwipi7ym2","Becki Gilbride","23-032-7624","23-390-6377","1953-09-30 15:06:56","F","Grover","4700-106","Sporting","4828306666","35"
"37","akamall10@army.mil","bUBxrvDHc","Ahmed Kamall","53-759-4954","10-028-0249","1992-06-04 05:17:03","M","Anhalt","4000-052","","8388380254","15"
"38","ahadden11@oaic.gov.au","adLbiZlf","Austin Hadden","46-247-3044","71-196-2450","2009-01-04 01:30:25","M","Anhalt","4700-225","Porto","1933726283","29"
"39","jcail12@baidu.com","D4TQpIYkqdt","Jorrie Cail","04-460-7945","56-636-8573","1956-08-29 09:32:28","F","Westridge","5000-165","Porto","9728265732","33"
"40","eamberson13@merriam-webster.com","9qpIAzBgD","Elisabetta Amberson","58-771-8012","57-686-9503","2008-01-26 10:30:11","F","Weeping Birch","4700-023","Sporting","9693379606","9"
"41","gisgar14@digg.com","Pf22GZ0mo","Gleda Isgar","99-261-8770","98-264-6915","1987-08-25 18:51:45","F","Ilene","4000-008","Braga","5583421437","4"
"42","kinkster15@latimes.com","Lm8TYFGJiybQ","Kelila Inkster","49-413-0846","80-069-9046","1972-09-28 19:19:14","F","Dovetail","3000-041","Benfica","5872973393","7"
"43","cfollin16@sakura.ne.jp","JZn4RHj","Corrine Follin","11-840-3901","93-386-0828","1946-04-14 21:32:46","F","Sunnyside","4000-008","Benfica","8854710776","11"
"44","acampagne17@furl.net","6bUdizS6","Ally Campagne","48-859-5803","37-799-2004","2000-08-21 16:13:24","F","Mesta","1000-074","Sporting","5276696738","1"
"45","ndeason18@storify.com","bLYdcL3LpMb","Nalani Deason","05-963-2386","58-276-8679","1986-11-26 04:43:50","F","Holmberg","4000-052","Sporting","3701210906","20"
"46","msissot19@gmpg.org","uDLfG7g0V","Matti Sissot","00-894-6003","61-440-7033","1966-02-14 11:21:37","F","Judy","4700-023","Braga","1954114502","12"
"47","greedick1a@slideshare.net","2FCDPf6Pn5vL","Gwendolen Reedick","91-594-9238","16-594-7300","1981-09-25 23:12:01","F","Thierer","4000-008","Sporting","8369328466","12"
"48","lvittet1b@admin.ch","tHl0IKlcc","Layton Vittet","75-394-8922","66-968-2332","1953-08-04 15:03:34","M","Waywood","3000-041","Benfica","9786944271","30"
"49","ddorgan1c@mysql.com","WiBegwSBhnG","Dun Dorgan","67-068-4767","19-059-2610","1990-05-20 03:23:20","M","Amoth","1000-152","Benfica","4627348317","1"
"50","carmytage1d@moonfruit.com","HXIaTvfufoY","Cory Armytage","85-951-3276","18-157-8869","1979-05-01 15:45:22","M","Mendota","1000-012","Vidigalense","9822740229","30"
