"1","dtappin0@ucoz.com","oaHnjMibDjR","Dominick Tappin","41-444-7331","00-032-9629","1947-12-13 22:21:00","M","Scott","3000-041","9531185300","1"
"2","nfairbrass1@hc360.com","6lbLU7Bnz5ZF","Nicolis Fairbrass","01-394-8376","70-901-5590","1992-05-09 11:32:16","M","Sauthoff","4000-052","1691444396","3"
"3","pbarwood2@homestead.com","l06LypM32","Philippine Barwood","18-147-2328","98-837-7571","1974-01-17 05:10:04","F","Blaine","3000-041","5751904714","3"
"4","vhaskey3@over-blog.com","O8SKhu2c7AQ","Vivianne Haskey","92-320-7907","01-897-9079","1964-06-01 10:05:17","F","Fremont","4700-106","5467580972","2"
"5","sbretton4@who.int","FnG5uDE0","Standford Bretton","75-380-0077","68-118-7419","1973-03-27 09:11:24","M","Lawn","4700-106","7601317154","2"
"6","mkaming5@sciencedirect.com","1R4DWc","Marna Kaming","57-028-1381","83-094-1962","1951-06-29 03:39:26","F","Main","7000-066","6251324568","3"
"7","bbownde6@feedburner.com","Mp8hS6b","Brittani Bownde","00-777-8671","93-856-3488","1943-02-22 07:51:55","F","Superior","7000-066","8459652970","2"
"8","eticehurst7@comcast.net","i6LOti9wv","Emmalynn Ticehurst","86-500-9651","34-286-6300","1975-06-23 07:47:29","F","Charing Cross","4700-225","2502997907","1"
"9","smetts8@adobe.com","XdiXyqxHJBIn","Shurlock Metts","81-429-3316","72-975-2972","1949-01-26 10:59:00","M","Hagan","1000-152","4896445319","2"
"10","dfronzek9@gmpg.org","epBACpU","Delaney Fronzek","58-154-4211","33-694-7891","1972-10-06 07:07:29","M","Kinsman","4700-106","1277793230","3"
"11","djillingsa@ucoz.com","Zdja8bVh","Delora Jillings","42-343-2354","54-075-2800","1964-12-23 11:04:24","F","Kenwood","3000-041","6469135338","1"
"12","khuttenb@t.co","8P0Iz7","Kyle Hutten","60-514-8806","61-819-5599","1957-07-22 20:19:02","F","Old Gate","4000-129","5013862064","1"
"13","dduggenc@cafepress.com","tNvxOi3UzK","Debbie Duggen","09-897-1389","60-418-1060","1964-09-12 20:55:12","F","Delaware","1000-012","5577116631","3"
"14","gsabind@mozilla.org","5iup8T","Godard Sabin","99-822-9699","36-183-6900","1980-11-26 11:54:01","M","Hazelcrest","4700-106","8593428249","3"
"15","mbowatere@google.fr","V00NpDgTa","Mendel Bowater","96-314-2479","93-652-1867","1990-11-22 19:43:25","M","Loomis","4700-225","7465520375","3"
"16","bstraniof@weibo.com","NSydzSC","Barbra Stranio","57-179-6411","67-652-5953","1976-03-04 11:17:39","F","Northwestern","4700-106","7324351054","1"
"17","rdrableg@jiathis.com","xwW1uddU","Rasia Drable","08-071-4868","10-070-3677","1949-06-15 17:19:55","F","Lawn","4000-008","5405116396","2"
"18","dcristouh@xinhuanet.com","yPEEMHYHQ9X3","Daryle Cristou","30-872-5817","79-411-2197","1982-11-25 14:12:17","M","Melody","5000-165","6745699617","2"
"19","vpaulichi@java.com","nsEuEfYv0Jf","Vicky Paulich","21-039-1626","13-303-2974","1968-03-30 01:30:15","F","Weeping Birch","1000-012","5464491740","2"
"20","tgerransj@slate.com","4MYj5vZB1Jy7","Torey Gerrans","21-063-0311","83-243-6387","1941-08-08 13:22:37","M","Forster","4000-008","8422309588","1"
"21","veastonk@google.ca","NrifLy4Uwcy","Vicki Easton","67-526-8604","23-065-4617","1959-05-02 13:21:48","F","Basil","5000-165","2081577168","1"
"22","eupstonel@blinklist.com","0B71z0E","Ephrayim Upstone","09-557-1769","78-439-3884","1975-01-10 10:20:39","M","Onsgard","1000-012","2696275931","3"
"23","tmoncreifm@dailymail.co.uk","gIXrCir","Tracie Moncreif","60-393-5243","73-623-9333","1973-12-19 02:11:27","M","Warbler","4700-106","2358936755","1"
"24","mdoldenn@simplemachines.org","JtEUqNIRGO9E","Margalit Dolden","07-092-3878","11-141-9740","1964-08-19 21:40:29","F","Colorado","4000-211","8481498313","3"
"25","llidingtono@ocn.ne.jp","r78pF5","Lamond Lidington","06-862-8970","74-348-0930","1945-08-18 09:01:57","M","Lindbergh","4000-008","5246550027","3"
"26","dmillichapp@illinois.edu","22iduV","Dar Millichap","92-220-7231","25-283-9368","1984-10-18 13:13:10","M","Kingsford","4000-129","4407093169","3"
"27","mgarryq@alexa.com","D9rQNwgf","Mabelle Garry","76-375-8250","27-595-1943","1975-01-12 15:48:12","F","Meadow Vale","1000-012","4612878474","1"
"28","sblighr@washington.edu","1DM6GSYZp8j","Sabina Bligh","45-951-0683","66-322-1345","1990-02-02 08:42:03","F","Banding","4700-225","2753773239","3"
"29","gklemenzs@e-recht24.de","WjScpN","Goraud Klemenz","20-976-7285","30-906-0717","1985-10-04 19:44:14","M","Rockefeller","4700-023","7047559161","3"
"30","lsnoddent@intel.com","FvEOiGIjRfu","Lonee Snodden","15-222-4849","09-149-8379","1982-09-16 17:26:27","F","Fairfield","5000-165","6837456510","3"
